Question,Model Name,Answer,Ragas Answer Selevancy Score,Ragas Faithfulness Score
Examine the potential limitations and ethical considerations that may arise from the deployment of generative agents in social systems,gpt-3.5-turbo-1106,"Generative agents may pose ethical concerns related to users forming parasocial relationships with them, potentially anthropomorphizing the agents or attaching human emotions to them. Furthermore, there is a risk of over-reliance on generative agents, potentially displacing the role of humans and system stakeholders in the design process. Additionally, the potential limitations include errors in inference, exacerbation of existing risks associated with generative AI, and the need for ongoing efforts to mitigate biases and ensure the ethical and socially responsible deployment of generative agents in social systems.",0.8806072429800716,0.8691269841269841
Examine the potential limitations and ethical considerations that may arise from the deployment of generative agents in social systems,ft:gpt-3.5-turbo-1106:personal::8eY9TPw4,"The potential limitations and ethical considerations that may arise from the deployment of generative agents in social systems include:

1. Parasocial Relationships: Users might form emotional attachments to generative agents, even though they are aware that these agents are computational entities. This could lead to inappropriate expectations and interactions.

2. Error Impact: If a generative agent makes a wrong inference about a user's goals, it could lead to annoyance or, in more serious cases, cause harm.

3. Misuse for Malicious Purposes: Generative agents could be used to create deepfakes, spread misinformation, or manipulate individuals through tailored persuasion. This risk can be mitigated by maintaining audit logs of inputs and outputs to detect and intervene against such misuse.

4. Over-Reliance: There is a risk that developers might rely too heavily on generative agents and exclude human input from the design process. Generative agents should be used to prototype ideas but should not replace real human input in studies and design processes.

5. Ethical Disclosure: Generative agents should explicitly disclose their nature as computational entities to users to avoid any confusion about their capabilities and limitations.

6. Value Alignment: It is important that the behavior of generative agents is aligned with ethical and moral values, and that they do not engage in behaviors that would be inappropriate given the context, such as reciprocating confessions of love.

7. Robustness and Security: Generative agents should be designed to be robust against attacks, such as prompt hacking or memory hacking, and should not be susceptible to manipulation or exploitation.

8. Data Bias: Generative agents may reflect biases present in the data they are trained on, which could lead to unfair or discriminatory behavior, particularly towards marginalized populations.

Addressing these limitations and ethical considerations is crucial to ensure that the deployment of generative agents in social systems is both ethical and socially responsible.",0.9030882416787889,0.9191919191919191
Examine the potential limitations and ethical considerations that may arise from the deployment of generative agents in social systems,gpt-4-1106-preview,"The deployment of generative agents in social systems presents several potential limitations and ethical considerations:

1. Parasocial Relationships: There is a risk of users forming inappropriate parasocial relationships with generative agents, anthropomorphizing them, or attaching human emotions to them. To address this, it is recommended that generative agents explicitly disclose their nature as computational entities and be designed to avoid engaging in behaviors that would be inappropriate given the context, such as reciprocating confessions of love.

2. Impact of Errors: Errors made by generative agents could lead to annoyance or harm, especially if a ubiquitous computing application makes incorrect inferences about a user's goals. It is important to follow best practices in human-AI design to understand errors and mitigate their impact on the user experience.

3. Exacerbation of Risks Associated with Generative AI: Generative agents may increase risks related to deepfakes, misinformation generation, and tailored persuasion. To mitigate these risks, maintaining an audit log of inputs and outputs is suggested to enable detection and intervention against malicious use. However, this does not directly stop misuse, especially by motivated actors who may build their own generative agent infrastructures.

4. Over-Reliance: There is a risk that developers or designers might over-rely on generative agents, potentially displacing the role of humans and system stakeholders in the design process. Generative agents should not substitute real human input but rather be used to prototype ideas in the early stages of design or when testing theories that are difficult or risky with real human participants.

5. Bias and Stereotypes: Generative agents may output behavior or stereotypes that reflect bias, particularly affecting marginalized populations due to data deserts. This necessitates further work on value alignment to ensure that generative agents do not perpetuate existing biases.

6. Robustness Issues: Generative agents may be vulnerable to prompt hacking, memory hacking, and hallucination, where they could be manipulated into believing false events or generating unreliable outputs. Future research is needed to test these robustness issues and develop more resilient generative agents.

7. Cost and Resource Intensiveness: The development and simulation of generative agents can be resource-intensive, requiring substantial time and financial investment. Efforts to improve the architecture's performance and cost-effectiveness are necessary for broader application.

These considerations highlight the importance of careful design, ongoing evaluation, and the implementation of safeguards to ensure the ethical deployment of generative agents in social systems.",0.9067527587830269,0.9327409627409627
